{"cameraMode":{"drawMode":2,"name":"Shaded Wireframe","section":"Shading Mode"},"sceneLighting":true,"audioPlay":false,"sceneViewState":{"showFog":true,"showMaterialUpdate":false,"showSkybox":true,"showFlares":true,"showImageEffects":true,"showParticleSystems":true},"in2DMode":false,"pivot":{"x":-802.9322509765625,"y":1768.281982421875,"z":964.5595703125},"rotation":{"x":-0.20272429287433625,"y":0.12359488010406494,"z":-0.025802379474043847,"w":-0.971063494682312},"size":5698.013671875,"orthographic":false}